fold,rmse_overall,rmse_y1
1,0.0009926635186607291,0.0009926635186607291
2,8.423426432920431e-05,8.423426432920431e-05
3,0.0007912608681306507,0.0007912608681306507
4,0.0003474528939454146,0.0003474528939454146
5,0.00026799108807442273,0.00026799108807442273
6,0.00022515201793731833,0.00022515201793731833
7,0.0007582640879176823,0.0007582640879176823
8,0.00046276369485559736,0.00046276369485559736
9,0.0003864473305795026,0.0003864473305795026
10,0.0005084353804315981,0.0005084353804315981
